"-68,81,471.48,0.785,0.563","0,0,0.00,0.000,0.000","-2,13,1000.00,-1.571,0.103","-10,28,999.83,3.142,0.120","-19,45,1409.95,-2.356,0.136","-26,60,1000.00,-1.571,0.157","-34,72,353.68,-2.356,0.183","-44,82,282.89,-2.356,0.220","-54,89,705.98,-2.356,0.303","-67,86,333.41,3.142,0.342","-68,81,471.48,0.785,0.563"
"-38,-81,67.45,2.356,0.453","0,0,0.00,0.000,0.000","-1,-11,1413.31,2.356,0.119","-5,-20,1414.21,2.356,0.134","-11,-30,2236.07,2.678,0.153","-17,-37,200.00,3.142,0.178","-22,-44,166.58,1.571,0.221","-26,-52,166.67,3.142,0.321","-30,-60,244.75,3.142,0.370","-33,-70,499.62,1.571,0.398","-38,-81,67.45,2.356,0.453"
"-12,-147,29.41,1.571,0.429","0,0,0.00,0.000,0.000","-1,-14,998.41,3.142,0.094","-3,-32,3000.00,1.571,0.112","-7,-52,499.26,1.571,0.132","-12,-74,666.71,1.571,0.152","-14,-90,2000.00,1.571,0.171","-15,-106,166.58,1.571,0.208","-17,-120,249.99,1.571,0.292","-15,-134,235.71,0.785,0.341","-12,-147,29.41,1.571,0.429"
"-103,-46,235.73,2.356,0.161","0,0,0.00,0.000,0.000","-8,-2,1414.21,2.356,0.080","-16,-5,1000.00,3.142,0.090","-28,-12,1000.00,1.571,0.099","-41,-19,1999.67,3.142,0.106","-58,-26,2209.36,2.678,0.115","-72,-33,2236.07,2.678,0.123","-87,-40,1999.67,3.142,0.133","-94,-42,2000.00,3.142,0.141","-103,-46,235.73,2.356,0.161"
"-10,59,29.77,-2.356,0.284","0,0,0.00,0.000,0.000","1,6,665.97,-1.571,0.097","1,12,1000.00,-1.571,0.104","-2,20,1000.00,-1.571,0.113","-3,27,1023.13,-1.571,0.122","-5,33,499.20,-1.571,0.133","-7,41,250.15,-1.571,0.150","-10,45,117.86,-2.356,0.177","-11,51,333.30,-1.571,0.206","-10,59,29.77,-2.356,0.284"
"79,-141,353.26,2.356,0.465","0,0,0.00,0.000,0.000","11,-5,333.41,0.000,0.087","27,-21,2828.43,0.785,0.101","48,-43,3605.55,0.983,0.114","73,-72,2236.07,1.107,0.126","96,-103,3162.28,1.249,0.139","104,-128,998.88,1.571,0.153","105,-145,250.56,1.571,0.177","91,-137,447.59,-2.678,0.284","79,-141,353.26,2.356,0.465"
"-68,-1,111.07,3.142,0.619","0,0,0.00,0.000,0.000","3,-12,250.00,1.571,0.049","5,-15,45.46,3.142,0.196","-7,-15,400.07,3.142,0.323","-15,-11,250.02,3.142,0.374","-27,-8,400.09,3.142,0.411","-36,-6,500.87,3.142,0.445","-46,-3,499.08,3.142,0.514","-57,-1,337.86,3.142,0.555","-68,-1,111.07,3.142,0.619"
"63,45,32.41,-2.678,0.324","0,0,0.00,0.000,0.000","7,-1,999.12,0.000,0.090","15,5,999.60,-1.571,0.103","25,10,1413.47,-0.785,0.111","34,14,1998.72,0.000,0.121","42,20,1000.00,0.000,0.129","50,26,996.98,0.000,0.139","58,32,996.04,-1.571,0.159","62,40,665.92,-1.571,0.221","63,45,32.41,-2.678,0.324"
"55,14,200.00,-1.571,0.237","0,0,0.00,0.000,0.000","7,-2,745.53,0.464,0.080","14,-2,1000.00,0.000,0.094","22,-2,499.86,0.000,0.106","29,1,2229.32,-0.464,0.115","35,3,500.27,0.000,0.125","40,6,333.23,0.000,0.135","45,7,500.07,0.000,0.151","51,11,172.05,-0.464,0.207","55,14,200.00,-1.571,0.237"
"-162,82,21.74,3.142,0.728","0,0,0.00,0.000,0.000","-20,4,499.08,3.142,0.116","-47,12,998.76,3.142,0.136","-74,23,1000.00,3.142,0.156","-95,35,353.77,-2.356,0.202","-106,47,353.56,-2.356,0.270","-123,55,168.27,-1.571,0.352","-136,67,142.93,3.142,0.471","-147,76,202.13,-2.356,0.608","-162,82,21.74,3.142,0.728"
"195,-108,62.50,3.142,0.495","0,0,0.00,0.000,0.000","18,-2,333.28,0.000,0.090","46,-13,3162.28,0.322,0.105","88,-31,4123.11,0.245,0.119","144,-60,4123.11,0.245,0.133","184,-86,2819.22,0.785,0.147","207,-103,2235.70,0.464,0.163","217,-115,250.21,1.571,0.188","207,-116,196.45,3.142,0.388","195,-108,62.50,3.142,0.495"
"-94,-132,200.01,3.142,0.483","0,0,0.00,0.000,0.000","-9,-17,1409.61,2.356,0.136","-18,-40,1414.21,2.356,0.154","-32,-59,2235.70,2.678,0.169","-45,-75,2236.07,2.678,0.192","-51,-90,1000.00,1.571,0.320","-59,-99,500.22,1.571,0.382","-67,-111,250.02,1.571,0.418","-82,-124,1413.98,2.356,0.451","-94,-132,200.01,3.142,0.483"
"18,-171,166.59,1.571,0.396","0,0,0.00,0.000,0.000","3,-19,1118.65,1.107,0.119","0,-39,1000.55,1.571,0.134","0,-64,1998.24,1.571,0.148","3,-90,1993.49,1.571,0.163","3,-113,500.33,1.571,0.182","3,-131,1000.00,1.571,0.201","3,-149,500.63,1.571,0.224","9,-163,125.05,0.000,0.279","18,-171,166.59,1.571,0.396"
"36,-21,157.15,0.785,0.221","0,0,0.00,0.000,0.000","5,-3,157.14,0.785,0.094","9,-4,142.85,0.000,0.113","14,-6,250.00,0.000,0.129","18,-9,199.97,0.000,0.148","22,-11,994.85,1.571,0.162","25,-14,1000.00,0.000,0.180","28,-18,1414.21,0.785,0.191","31,-20,995.80,1.571,0.202","36,-21,157.15,0.785,0.221"
"-18,-62,23.57,-0.785,0.605","0,0,0.00,0.000,0.000","0,-10,2232.50,2.034,0.109","-5,-22,999.12,1.571,0.124","-10,-31,1000.00,1.571,0.135","-16,-43,998.88,1.571,0.151","-20,-53,249.87,1.571,0.170","-23,-60,199.98,1.571,0.192","-26,-72,142.86,1.571,0.242","-23,-71,176.78,-0.785,0.454","-18,-62,23.57,-0.785,0.605"
"-142,50,66.65,-1.571,0.673","0,0,0.00,0.000,0.000","-26,1,1000.07,3.142,0.116","-51,1,1000.00,3.142,0.142","-77,6,1414.21,-2.356,0.172","-98,11,2000.00,3.142,0.199","-116,23,99.99,-1.571,0.270","-140,32,707.16,-2.356,0.319","-163,40,499.98,3.142,0.351","-165,48,333.33,0.000,0.526","-142,50,66.65,-1.571,0.673"
"143,-86,199.99,0.000,0.428","0,0,0.00,0.000,0.000","11,-2,999.83,0.000,0.108","28,-9,3000.00,0.000,0.121","50,-21,4242.64,0.785,0.132","77,-34,2828.43,0.785,0.143","105,-49,4123.11,0.245,0.153","127,-64,2235.70,1.107,0.164","138,-71,500.04,1.571,0.178","136,-77,142.86,1.571,0.293","143,-86,199.99,0.000,0.428"
"26,124,66.66,-1.571,0.425","0,0,0.00,0.000,0.000","2,12,1000.00,-1.571,0.123","5,27,2000.00,-1.571,0.138","5,43,2000.00,-1.571,0.152","8,60,1413.98,-0.785,0.166","11,73,2000.00,-1.571,0.179","14,85,999.83,-1.571,0.195","19,100,353.52,-0.785,0.222","24,113,222.31,-1.571,0.331","26,124,66.66,-1.571,0.425"
"-73,122,49.99,3.142,0.477","0,0,0.00,0.000,0.000","-8,14,1414.21,-2.356,0.126","-15,31,2000.00,-1.571,0.142","-21,51,2000.00,-1.571,0.158","-29,67,200.04,-1.571,0.180","-37,81,333.28,3.142,0.208","-42,91,124.96,-1.571,0.241","-48,108,1000.00,-1.571,0.309","-59,116,250.02,3.142,0.363","-73,122,49.99,3.142,0.477"
"-31,-81,125.06,1.571,0.327","0,0,0.00,0.000,0.000","-2,-9,1000.00,1.571,0.096","-5,-19,1000.00,1.571,0.116","-9,-28,1414.21,2.356,0.126","-12,-39,998.52,1.571,0.137","-16,-48,745.41,2.034,0.150","-20,-60,447.42,2.034,0.170","-24,-66,99.97,3.142,0.204","-28,-73,199.86,1.571,0.272","-31,-81,125.06,1.571,0.327"
"113,34,64.51,0.000,0.515","0,0,0.00,0.000,0.000","12,1,333.04,0.000,0.085","26,5,499.68,0.000,0.098","42,11,2000.00,0.000,0.111","55,15,999.83,0.000,0.124","67,19,1000.00,-1.571,0.144","79,22,142.85,0.000,0.222","92,26,470.77,-0.785,0.318","104,29,176.78,-0.785,0.394","113,34,64.51,0.000,0.515"
"-132,106,707.16,-2.356,0.468","0,0,0.00,0.000,0.000","-16,8,1116.12,-2.034,0.105","-31,15,1414.21,-2.356,0.122","-46,26,708.76,-2.356,0.144","-64,38,1413.98,-2.356,0.164","-84,53,706.99,-2.356,0.182","-104,65,995.33,3.142,0.205","-117,80,111.16,-1.571,0.282","-124,92,90.94,-1.571,0.355","-132,106,707.16,-2.356,0.468"
"186,146,124.95,-1.571,0.470","0,0,0.00,0.000,0.000","11,13,1414.21,-0.785,0.148","25,32,2236.07,-1.107,0.170","56,53,3586.15,-0.588,0.185","99,75,4471.39,-0.464,0.200","131,93,2233.04,-0.464,0.215","154,108,282.81,-0.785,0.240","164,121,235.75,-0.785,0.336","178,133,708.85,-0.785,0.369","186,146,124.95,-1.571,0.470"
"-32,70,66.65,-1.571,0.263","0,0,0.00,0.000,0.000","-4,8,1999.19,-1.571,0.105","-8,15,2235.70,-2.034,0.115","-13,24,998.29,-1.571,0.130","-15,29,1000.00,-1.571,0.139","-20,37,995.80,-1.571,0.150","-25,47,1001.27,-1.571,0.167","-30,53,1118.12,-2.034,0.180","-31,60,200.00,-1.571,0.204","-32,70,66.65,-1.571,0.263"
"-192,164,157.12,-0.785,0.510","0,0,0.00,0.000,0.000","-12,23,1000.00,-1.571,0.096","-41,56,1414.21,-2.356,0.122","-91,80,2999.50,3.142,0.143","-161,102,3162.28,-2.820,0.163","-214,119,2236.07,-2.678,0.184","-234,137,500.04,-1.571,0.260","-239,153,500.22,0.000,0.365","-215,158,1000.00,-1.571,0.415","-192,164,157.12,-0.785,0.510"
"-42,-112,18.64,1.571,0.535","0,0,0.00,0.000,0.000","-2,-12,500.27,1.571,0.125","-5,-28,999.60,1.571,0.142","-12,-40,1115.99,2.034,0.160","-18,-54,705.22,2.356,0.183","-22,-67,500.33,1.571,0.208","-28,-78,1413.98,2.356,0.232","-31,-87,166.68,1.571,0.270","-35,-98,166.69,3.142,0.352","-42,-112,18.64,1.571,0.535"
"-167,89,49.95,0.000,0.599","0,0,0.00,0.000,0.000","-21,9,499.08,3.142,0.125","-49,23,1413.98,-2.356,0.153","-77,38,2236.07,-2.678,0.175","-111,50,1413.64,-2.356,0.197","-143,57,1499.57,3.142,0.218","-172,63,1000.00,3.142,0.243","-189,74,1414.21,-2.356,0.316","-193,86,1000.00,0.000,0.459","-167,89,49.95,0.000,0.599"
"-77,-189,7.58,3.142,0.432","0,0,0.00,0.000,0.000","-3,-17,1414.21,2.356,0.102","-12,-43,2000.00,1.571,0.120","-20,-69,3150.49,1.893,0.134","-31,-92,2236.07,2.678,0.148","-46,-117,2828.43,2.356,0.164","-57,-138,1414.21,2.356,0.180","-64,-159,1997.76,1.571,0.204","-73,-175,1413.98,2.356,0.237","-77,-189,7.58,3.142,0.432"
"-91,187,71.43,-1.571,0.339","0,0,0.00,0.000,0.000","-11,15,500.81,-1.571,0.103","-25,35,1116.12,-2.034,0.118","-42,69,3162.28,-1.893,0.134","-56,92,1414.21,-2.356,0.148","-67,112,1000.00,-1.571,0.164","-76,133,1000.00,-1.571,0.183","-84,153,499.08,-1.571,0.208","-89,171,400.09,-1.571,0.242","-91,187,71.43,-1.571,0.339"
"-90,-72,76.90,3.142,0.430","0,0,0.00,0.000,0.000","-6,-7,471.40,2.356,0.104","-16,-16,1000.00,1.571,0.120","-26,-26,2000.00,1.571,0.133","-36,-34,705.81,2.356,0.146","-47,-38,250.27,3.142,0.177","-57,-49,332.93,3.142,0.220","-66,-58,157.14,2.356,0.322","-76,-67,1409.28,2.356,0.364","-90,-72,76.90,3.142,0.430"
"17,50,999.12,0.000,0.233","0,0,0.00,0.000,0.000","3,5,998.88,-1.571,0.096","7,11,943.03,-0.785,0.108","10,17,999.60,-1.571,0.117","12,23,500.93,-1.571,0.125","13,28,1000.00,-1.571,0.135","13,34,111.13,-1.571,0.155","13,41,666.87,-1.571,0.186","15,45,249.91,-1.571,0.207","17,50,999.12,0.000,0.233"
"-16,-51,176.77,2.356,0.286","0,0,0.00,0.000,0.000","0,-5,500.10,1.571,0.082","-2,-9,354.00,2.356,0.096","-4,-16,559.12,2.034,0.108","-6,-21,1000.00,1.571,0.115","-9,-29,707.50,2.356,0.122","-10,-34,1000.00,1.571,0.127","-12,-41,1000.00,1.571,0.139","-14,-46,125.00,1.571,0.159","-16,-51,176.77,2.356,0.286"
"104,-156,67.35,0.785,0.439","0,0,0.00,0.000,0.000","7,-16,1413.98,0.785,0.099","19,-39,499.98,1.571,0.120","33,-64,2236.07,1.107,0.144","43,-84,1999.67,1.571,0.168","52,-103,471.29,0.785,0.200","62,-122,1406.60,0.785,0.231","77,-137,282.88,0.785,0.275","92,-144,111.15,0.000,0.339","104,-156,67.35,0.785,0.439"
"142,79,707.07,-0.785,0.407","0,0,0.00,0.000,0.000","19,0,1998.72,0.000,0.091","44,14,1115.19,-1.107,0.111","66,24,1000.00,0.000,0.135","76,37,997.81,-1.571,0.176","90,45,499.98,-1.571,0.216","104,55,999.83,-1.571,0.253","113,63,111.12,-1.571,0.294","126,72,470.95,-0.785,0.360","142,79,707.07,-0.785,0.407"
"42,108,58.82,-1.571,0.370","0,0,0.00,0.000,0.000","5,10,2000.00,-1.571,0.087","11,24,2236.07,-1.107,0.108","16,37,499.98,-1.571,0.125","21,47,498.97,0.000,0.142","26,61,249.91,-1.571,0.168","31,73,470.80,-0.785,0.195","34,84,1414.21,-0.785,0.230","41,95,201.94,-0.785,0.291","42,108,58.82,-1.571,0.370"
"-197,-108,42.86,2.356,0.445","0,0,0.00,0.000,0.000","-16,-17,1413.98,2.356,0.092","-41,-34,1000.00,1.571,0.109","-68,-53,2234.63,2.678,0.125","-94,-70,499.26,3.142,0.143","-118,-84,470.80,2.356,0.165","-138,-93,705.39,2.356,0.278","-158,-99,1000.00,3.142,0.317","-179,-102,372.72,2.678,0.370","-197,-108,42.86,2.356,0.445"
"61,181,142.91,-1.571,0.322","0,0,0.00,0.000,0.000","9,15,1415.67,-0.785,0.097","19,35,1000.00,-1.571,0.112","29,59,2000.00,-1.571,0.127","40,82,2236.07,-1.107,0.141","44,103,1000.00,-1.571,0.157","48,121,999.83,-1.571,0.174","54,144,745.29,-1.107,0.200","61,163,124.94,-1.571,0.229","61,181,142.91,-1.571,0.322"
"-13,117,333.54,-1.571,0.442","0,0,0.00,0.000,0.000","1,12,499.80,-1.571,0.123","-2,25,332.99,-1.571,0.140","-3,38,500.93,-1.571,0.156","-5,53,667.35,-1.571,0.174","-5,68,667.56,-1.571,0.205","-7,81,499.53,-1.571,0.263","-8,94,1001.98,-1.571,0.330","-12,104,333.41,-1.571,0.367","-13,117,333.54,-1.571,0.442"
"155,-168,100.00,-1.571,0.522","0,0,0.00,0.000,0.000","12,-19,2236.07,0.464,0.085","29,-37,1412.97,0.785,0.101","52,-58,3589.55,0.588,0.117","84,-89,2828.43,0.785,0.132","113,-112,2828.43,0.785,0.147","132,-131,1413.98,0.785,0.164","130,-149,55.11,1.571,0.242","137,-164,471.78,0.785,0.402","155,-168,100.00,-1.571,0.522"
"163,-7,47.62,-1.571,0.412","0,0,0.00,0.000,0.000","10,0,999.36,0.000,0.090","28,0,2000.00,0.000,0.104","49,-3,2236.07,0.464,0.115","81,-12,3161.75,0.322,0.127","105,-16,1000.79,0.000,0.138","128,-18,996.51,0.000,0.155","144,-18,1000.00,0.000,0.176","155,-10,166.70,0.000,0.237","163,-7,47.62,-1.571,0.412"
"206,-179,124.93,3.142,0.495","0,0,0.00,0.000,0.000","29,-17,2236.07,0.464,0.091","81,-51,5000.00,0.927,0.109","158,-94,4472.14,0.464,0.127","209,-125,1414.21,0.785,0.145","232,-146,499.98,1.571,0.167","248,-157,235.76,0.785,0.221","254,-173,166.66,3.142,0.338","232,-174,999.60,3.142,0.381","206,-179,124.93,3.142,0.495"
"81,163,125.00,-1.571,0.395","0,0,0.00,0.000,0.000","13,16,2000.00,-1.571,0.098","26,36,470.91,-0.785,0.118","37,59,1413.31,-0.785,0.134","49,82,2817.21,-0.785,0.153","59,101,1411.29,-0.785,0.176","67,117,709.02,-0.785,0.201","73,132,1000.00,0.000,0.230","76,149,499.86,-1.571,0.278","81,163,125.00,-1.571,0.395"
"179,-102,124.98,3.142,0.419","0,0,0.00,0.000,0.000","13,-15,2235.70,0.464,0.091","38,-37,3162.28,0.322,0.108","80,-69,2828.43,0.785,0.126","122,-100,1798.19,0.588,0.145","149,-122,1414.21,0.785,0.164","169,-135,447.44,0.464,0.192","183,-139,199.99,-1.571,0.306","185,-118,249.74,-1.571,0.352","179,-102,124.98,3.142,0.419"
"-29,-37,50.70,3.142,0.165","0,0,0.00,0.000,0.000","-2,-5,745.29,2.678,0.061","-5,-10,1118.78,2.678,0.071","-9,-16,2236.07,2.034,0.076","-13,-21,1116.12,2.678,0.083","-17,-26,1414.21,2.356,0.088","-19,-28,999.36,3.142,0.093","-22,-31,999.83,3.142,0.099","-25,-33,249.65,3.142,0.106","-29,-37,50.70,3.142,0.165"
"54,-134,332.96,1.571,0.388","0,0,0.00,0.000,0.000","6,-11,500.10,0.000,0.083","12,-26,2000.00,1.571,0.096","24,-47,3162.28,1.249,0.110","35,-64,2000.00,1.571,0.122","47,-80,1414.21,0.785,0.141","51,-93,2000.00,1.571,0.160","55,-105,200.04,1.571,0.203","55,-119,399.80,1.571,0.342","54,-134,332.96,1.571,0.388"
"-39,-45,94.30,2.356,0.180","0,0,0.00,0.000,0.000","-1,-4,332.78,1.571,0.101","-3,-10,500.10,1.571,0.110","-8,-18,651.80,2.034,0.118","-12,-23,1999.19,1.571,0.124","-16,-27,708.76,2.356,0.130","-21,-32,1413.98,2.356,0.135","-27,-36,744.23,2.678,0.142","-32,-41,471.59,2.356,0.150","-39,-45,94.30,2.356,0.180"
"169,78,66.67,0.000,0.439","0,0,0.00,0.000,0.000","16,7,2828.43,-0.785,0.091","39,18,2236.07,-0.464,0.107","64,32,1115.85,-0.464,0.122","86,47,744.46,-1.107,0.141","99,56,1000.00,-1.571,0.167","115,64,1000.00,0.000,0.197","132,72,1000.00,0.000,0.229","151,77,1000.00,0.000,0.368","169,78,66.67,0.000,0.439"
"-95,145,30.74,-2.356,0.520","0,0,0.00,0.000,0.000","-10,15,1414.21,-2.356,0.121","-27,32,1117.72,-2.678,0.144","-43,53,2828.43,-2.356,0.162","-63,69,1414.21,-2.356,0.176","-77,84,1000.00,-1.571,0.193","-88,98,249.99,-1.571,0.218","-93,111,166.66,-1.571,0.265","-90,129,166.65,-1.571,0.396","-95,145,30.74,-2.356,0.520"
"-46,81,666.71,-1.571,0.209","0,0,0.00,0.000,0.000","-6,7,707.50,-2.356,0.076","-10,17,2000.00,-1.571,0.090","-17,27,999.83,3.142,0.104","-23,36,707.07,-2.356,0.115","-31,47,1000.00,-1.571,0.128","-34,54,1000.00,-1.571,0.138","-38,65,500.22,-1.571,0.154","-42,72,250.02,-1.571,0.172","-46,81,666.71,-1.571,0.209"
"-191,-154,499.92,-1.571,0.563","0,0,0.00,0.000,0.000","-22,-14,1118.12,2.678,0.108","-63,-37,2236.07,2.678,0.127","-104,-57,2236.07,2.678,0.144","-142,-81,3161.75,2.820,0.162","-168,-97,2233.57,2.678,0.179","-183,-117,1000.00,1.571,0.224","-190,-130,200.04,1.571,0.275","-205,-146,282.85,2.356,0.326","-191,-154,499.92,-1.571,0.563"
"-58,91,99.99,-1.571,0.376","0,0,0.00,0.000,0.000","-9,7,1414.21,-2.356,0.093","-16,17,1000.00,3.142,0.109","-25,27,999.83,-1.571,0.122","-34,36,499.98,3.142,0.133","-41,47,1000.00,-1.571,0.147","-45,60,353.54,-2.356,0.170","-49,72,1000.00,-1.571,0.194","-53,84,166.68,-1.571,0.305","-58,91,99.99,-1.571,0.376"
"122,177,200.00,-1.571,0.455","0,0,0.00,0.000,0.000","17,13,1000.00,0.000,0.093","37,33,1413.64,-0.785,0.110","60,60,707.07,-0.785,0.127","82,83,2235.16,-0.464,0.148","91,104,1414.21,-0.785,0.171","101,121,666.66,-1.571,0.198","109,141,83.33,-1.571,0.308","116,158,999.83,-1.571,0.391","122,177,200.00,-1.571,0.455"
"-176,-11,35.35,-2.356,0.479","0,0,0.00,0.000,0.000","-20,-1,2000.00,3.142,0.130","-43,-9,1000.31,3.142,0.147","-66,-15,1998.24,3.142,0.162","-86,-16,499.20,3.142,0.180","-103,-18,332.80,3.142,0.203","-122,-16,332.91,3.142,0.235","-141,-14,500.22,3.142,0.277","-159,-12,666.77,3.142,0.320","-176,-11,35.35,-2.356,0.479"
"141,-33,37.04,3.142,0.511","0,0,0.00,0.000,0.000","15,-5,2000.00,0.000,0.161","32,-15,2229.32,0.464,0.176","55,-27,3161.00,0.322,0.190","79,-37,3161.75,0.322,0.202","100,-47,1414.21,0.785,0.215","119,-53,1116.65,0.464,0.231","135,-60,201.94,0.785,0.259","141,-48,499.86,-1.571,0.442","141,-33,37.04,3.142,0.511"
"-42,-84,125.00,1.571,0.276","0,0,0.00,0.000,0.000","-4,-8,1118.52,2.034,0.092","-7,-18,666.77,1.571,0.103","-15,-31,2235.70,2.034,0.111","-22,-42,1118.12,2.034,0.120","-29,-54,2236.07,2.034,0.129","-33,-62,1414.21,2.356,0.137","-38,-69,2236.07,2.034,0.149","-41,-75,1000.00,1.571,0.161","-42,-84,125.00,1.571,0.276"
"141,-77,52.63,1.571,0.368","0,0,0.00,0.000,0.000","14,-7,1413.31,0.785,0.094","30,-17,2000.00,0.000,0.106","50,-28,2236.07,0.464,0.118","71,-38,3162.28,0.322,0.129","90,-49,3162.28,0.322,0.142","112,-55,1000.00,0.000,0.157","124,-60,499.26,1.571,0.179","136,-64,142.87,0.000,0.209","141,-77,52.63,1.571,0.368"
"39,9,74.45,-0.785,0.193","0,0,0.00,0.000,0.000","4,0,333.20,0.000,0.067","8,0,499.02,0.000,0.077","13,0,999.12,0.000,0.083","17,3,1413.31,-0.785,0.087","22,5,746.00,-0.464,0.092","27,5,1000.00,0.000,0.098","31,7,1414.21,-0.785,0.102","35,7,250.36,0.000,0.108","39,9,74.45,-0.785,0.193"
"-60,81,166.55,-1.571,0.398","0,0,0.00,0.000,0.000","-6,11,2236.07,-2.678,0.102","-12,21,1410.95,-2.356,0.116","-18,32,1000.00,-1.571,0.129","-29,43,1412.30,-2.356,0.143","-36,51,1000.00,-1.571,0.155","-44,56,1001.39,-1.571,0.173","-55,62,74.43,-2.356,0.275","-57,70,199.98,-1.571,0.344","-60,81,166.55,-1.571,0.398"
"-138,186,117.67,-1.571,0.417","0,0,0.00,0.000,0.000","-11,18,1000.00,-1.571,0.090","-31,45,3162.28,-1.893,0.109","-58,75,2236.07,-2.034,0.124","-81,98,2824.59,-2.356,0.139","-102,121,705.31,-2.356,0.156","-117,136,998.64,3.142,0.180","-123,153,1001.86,-1.571,0.245","-131,168,1999.67,-1.571,0.290","-138,186,117.67,-1.571,0.417"
"-88,33,71.43,3.142,0.311","0,0,0.00,0.000,0.000","-9,0,999.83,3.142,0.089","-16,5,1000.00,-1.571,0.100","-26,8,1000.00,3.142,0.110","-38,13,2225.62,-2.678,0.120","-50,16,1413.98,-2.356,0.130","-62,21,2236.07,-2.678,0.140","-72,23,499.20,3.142,0.150","-82,28,76.92,3.142,0.178","-88,33,71.43,3.142,0.311"
"24,131,166.77,-1.571,0.337","0,0,0.00,0.000,0.000","5,15,1407.27,-0.785,0.100","10,31,941.53,-0.785,0.114","17,52,3162.28,-1.249,0.128","22,68,999.60,-1.571,0.142","25,83,1000.00,-1.571,0.156","30,96,1407.27,-0.785,0.179","32,109,999.12,-1.571,0.216","32,122,508.22,-1.571,0.254","24,131,166.77,-1.571,0.337"
"140,164,499.80,-1.571,0.372","0,0,0.00,0.000,0.000","20,16,1413.64,-0.785,0.070","44,35,2234.63,-1.107,0.089","69,51,2236.07,-0.464,0.105","92,75,999.83,-1.571,0.124","104,95,1118.92,-1.107,0.146","115,113,1000.00,-1.571,0.175","124,129,470.88,-0.785,0.223","132,148,1002.58,-1.571,0.272","140,164,499.80,-1.571,0.372"
"28,15,90.90,-1.571,0.212","0,0,0.00,0.000,0.000","4,0,499.89,0.000,0.098","7,0,200.03,0.000,0.114","11,2,745.35,-1.107,0.125","14,4,999.83,0.000,0.137","17,6,1414.21,-0.785,0.147","21,8,999.83,0.000,0.158","23,11,282.86,-0.785,0.178","26,12,166.65,0.000,0.190","28,15,90.90,-1.571,0.212"
"-45,-44,50.00,3.142,0.585","0,0,0.00,0.000,0.000","-4,-7,1117.85,2.034,0.096","-9,-13,706.57,2.356,0.112","-14,-19,1002.34,1.571,0.126","-21,-20,166.67,3.142,0.148","-27,-24,235.72,2.356,0.197","-33,-29,142.85,3.142,0.443","-36,-36,199.98,3.142,0.471","-40,-40,125.01,3.142,0.515","-45,-44,50.00,3.142,0.585"
"39,122,66.67,-1.571,0.403","0,0,0.00,0.000,0.000","3,11,995.56,-1.571,0.109","7,24,1414.21,-0.785,0.126","10,41,1000.19,-1.571,0.144","14,57,1000.00,-1.571,0.163","18,72,333.36,-1.571,0.193","24,85,333.30,-1.571,0.219","32,97,100.00,-1.571,0.263","37,108,997.46,-1.571,0.323","39,122,66.67,-1.571,0.403"
"81,111,353.33,-0.785,0.312","0,0,0.00,0.000,0.000","12,5,999.83,0.000,0.083","28,17,2000.00,0.000,0.098","43,28,1119.18,-0.464,0.112","55,45,999.36,-1.571,0.128","61,60,500.27,-1.571,0.148","67,73,706.99,-0.785,0.175","70,87,166.64,-1.571,0.224","73,98,333.36,-1.571,0.263","81,111,353.33,-0.785,0.312"
"61,27,353.90,-0.785,0.223","0,0,0.00,0.000,0.000","8,2,999.12,0.000,0.081","16,4,1990.18,0.000,0.091","24,8,1414.21,-0.785,0.100","32,12,1414.21,-0.785,0.107","39,14,1412.63,-0.785,0.114","46,18,470.62,-0.785,0.127","52,22,100.00,0.000,0.156","56,25,332.93,-1.571,0.195","61,27,353.90,-0.785,0.223"
"140,-186,48.77,-0.785,0.503","0,0,0.00,0.000,0.000","17,-21,999.36,1.571,0.115","33,-47,1115.72,1.107,0.137","51,-77,999.60,1.571,0.161","68,-102,2233.57,1.107,0.191","86,-115,1411.29,0.785,0.228","109,-130,2000.00,0.000,0.254","127,-148,1999.67,1.571,0.291","134,-171,1411.29,0.785,0.342","140,-186,48.77,-0.785,0.503"
"54,70,83.31,-1.571,0.358","0,0,0.00,0.000,0.000","4,7,500.87,0.000,0.161","9,12,999.60,0.000,0.180","16,18,333.36,0.000,0.203","24,26,994.85,-1.571,0.223","33,37,2236.07,-1.107,0.234","39,47,1000.00,-1.571,0.247","46,56,333.33,-1.571,0.265","50,63,998.64,-1.571,0.311","54,70,83.31,-1.571,0.358"
"24,123,142.85,-1.571,0.319","0,0,0.00,0.000,0.000","3,15,333.33,-1.571,0.100","8,34,1500.11,-1.571,0.117","12,47,995.56,0.000,0.129","13,62,558.96,-1.107,0.147","14,76,998.88,-1.571,0.163","16,89,333.07,-1.571,0.190","19,102,90.91,-1.571,0.233","23,110,999.36,0.000,0.270","24,123,142.85,-1.571,0.319"
"31,75,250.09,-1.571,0.610","0,0,0.00,0.000,0.000","7,14,558.46,-1.107,0.141","14,33,745.41,-1.107,0.167","20,50,199.93,-1.571,0.214","18,45,1414.21,2.356,0.405","12,26,1117.85,2.034,0.429","9,16,2226.14,-1.107,0.526","17,33,2000.00,-1.571,0.551","24,52,1000.00,-1.571,0.571","31,75,250.09,-1.571,0.610"
"79,-68,332.83,0.000,0.301","0,0,0.00,0.000,0.000","6,-12,1000.00,1.571,0.112","11,-24,1413.64,0.785,0.123","17,-37,744.64,1.107,0.136","26,-53,3000.00,1.571,0.149","35,-63,1497.07,0.000,0.164","45,-69,1000.00,1.571,0.183","55,-72,1000.00,0.000,0.206","67,-69,400.20,0.000,0.240","79,-68,332.83,0.000,0.301"
"-161,-176,66.67,3.142,0.666","0,0,0.00,0.000,0.000","-12,-21,1998.24,1.571,0.100","-35,-47,2234.63,2.034,0.120","-59,-73,2234.63,2.678,0.140","-77,-99,2236.07,2.678,0.161","-93,-124,1000.00,3.142,0.187","-109,-149,707.16,2.356,0.213","-120,-167,166.58,1.571,0.302","-140,-175,500.36,3.142,0.420","-161,-176,66.67,3.142,0.666"
"43,97,38.46,3.142,0.432","0,0,0.00,0.000,0.000","6,8,500.27,-1.571,0.096","14,18,1000.00,-1.571,0.109","23,29,2235.70,-1.107,0.122","31,43,998.29,-1.571,0.140","37,57,2000.00,-1.571,0.160","41,68,249.97,-1.571,0.185","45,78,999.83,-1.571,0.206","49,91,166.65,-1.571,0.237","43,97,38.46,3.142,0.432"
"-73,-142,471.40,2.356,0.402","0,0,0.00,0.000,0.000","-7,-12,1414.21,2.356,0.119","-18,-31,1117.98,2.678,0.138","-29,-50,999.83,1.571,0.153","-38,-64,1000.00,1.571,0.172","-47,-76,558.59,2.034,0.218","-58,-92,1413.31,2.356,0.272","-64,-105,353.26,2.356,0.302","-69,-125,3162.28,1.893,0.363","-73,-142,471.40,2.356,0.402"
"76,-111,153.90,0.000,0.440","0,0,0.00,0.000,0.000","0,-17,498.67,1.571,0.116","7,-35,2234.63,0.464,0.134","15,-50,1000.00,1.571,0.151","21,-65,998.64,1.571,0.168","31,-77,332.78,1.571,0.194","38,-92,319.25,1.107,0.223","48,-104,71.43,0.000,0.280","60,-110,111.12,0.000,0.360","76,-111,153.90,0.000,0.440"
"-48,160,90.93,3.142,0.622","0,0,0.00,0.000,0.000","-2,18,498.91,-1.571,0.168","-5,37,1999.67,-1.571,0.188","-14,56,996.75,-1.571,0.212","-23,75,1025.50,-1.571,0.254","-26,92,1000.00,-1.571,0.298","-29,113,1998.24,-1.571,0.332","-35,133,249.69,-1.571,0.373","-41,148,706.74,-2.356,0.485","-48,160,90.93,3.142,0.622"
"-178,-150,55.55,3.142,0.345","0,0,0.00,0.000,0.000","-15,-17,2236.07,2.678,0.090","-35,-34,1414.21,2.356,0.107","-60,-55,2827.28,2.356,0.124","-85,-80,1414.21,2.356,0.140","-107,-105,1414.21,2.356,0.158","-128,-122,707.92,2.356,0.178","-149,-131,166.80,3.142,0.218","-167,-141,333.78,1.571,0.276","-178,-150,55.55,3.142,0.345"
"181,167,16.95,3.142,0.532","0,0,0.00,0.000,0.000","13,24,434.37,-1.571,0.102","40,59,1578.24,-1.249,0.122","65,99,4238.91,-0.785,0.142","87,130,2233.04,-1.107,0.163","106,153,1000.00,-1.571,0.183","128,173,1999.19,0.000,0.210","150,188,1414.21,-0.785,0.246","170,182,667.40,1.571,0.375","181,167,16.95,3.142,0.532"
"-177,52,111.07,-1.571,0.395","0,0,0.00,0.000,0.000","-22,0,997.93,3.142,0.098","-47,3,2236.07,-2.678,0.113","-73,5,1991.12,3.142,0.128","-96,8,1000.00,3.142,0.146","-121,13,2236.07,-2.678,0.166","-142,20,499.62,3.142,0.190","-154,31,1000.55,-1.571,0.217","-166,39,250.12,3.142,0.268","-177,52,111.07,-1.571,0.395"
"136,-45,1000.00,-1.571,0.426","0,0,0.00,0.000,0.000","10,-7,2000.00,1.571,0.075","22,-13,1414.21,0.785,0.087","42,-23,2828.43,0.785,0.100","62,-33,3605.55,0.588,0.111","79,-41,1999.67,0.000,0.122","99,-49,1118.25,0.464,0.135","113,-53,470.50,0.785,0.149","123,-51,1413.98,-0.785,0.364","136,-45,1000.00,-1.571,0.426"
"70,-24,69.88,-1.107,0.230","0,0,0.00,0.000,0.000","6,2,499.26,0.000,0.078","15,0,2000.00,0.000,0.087","24,-5,1414.21,0.785,0.096","32,-9,1414.21,0.785,0.103","40,-15,705.48,0.785,0.110","49,-20,471.48,0.785,0.120","57,-23,666.98,0.000,0.130","62,-25,1414.21,0.785,0.147","70,-24,69.88,-1.107,0.230"
"-111,41,90.92,-1.571,0.416","0,0,0.00,0.000,0.000","-13,0,999.83,3.142,0.092","-33,1,2236.07,-2.678,0.103","-54,1,2000.00,3.142,0.113","-75,3,2000.00,3.142,0.123","-97,7,2227.73,-2.678,0.135","-111,11,282.62,-2.356,0.151","-118,18,142.90,-1.571,0.213","-112,27,166.67,-1.571,0.265","-111,41,90.92,-1.571,0.416"
"-121,-166,157.07,2.356,0.423","0,0,0.00,0.000,0.000","-9,-13,1414.21,2.356,0.086","-28,-35,1406.94,2.356,0.108","-54,-63,2815.21,2.356,0.124","-80,-86,2236.07,2.034,0.140","-100,-106,1000.00,1.571,0.156","-109,-119,999.12,1.571,0.178","-116,-131,62.51,1.571,0.311","-118,-149,667.30,1.571,0.373","-121,-166,157.07,2.356,0.423"
"-115,-174,333.07,3.142,0.343","0,0,0.00,0.000,0.000","-9,-18,2000.00,1.571,0.093","-27,-43,1802.91,2.554,0.113","-43,-67,1000.00,1.571,0.128","-59,-86,2233.04,2.678,0.146","-74,-105,1115.99,2.034,0.175","-86,-124,559.39,2.034,0.212","-94,-141,999.12,1.571,0.273","-103,-158,499.98,1.571,0.303","-115,-174,333.07,3.142,0.343"
"-35,-144,142.77,1.571,0.383","0,0,0.00,0.000,0.000","-1,-14,1413.31,2.356,0.099","-8,-32,2828.43,2.356,0.112","-16,-57,2000.00,1.571,0.128","-21,-73,2236.07,2.034,0.140","-27,-87,1000.00,1.571,0.159","-31,-102,333.44,1.571,0.206","-34,-116,353.26,2.356,0.250","-35,-129,333.60,1.571,0.298","-35,-144,142.77,1.571,0.383"
"-104,-90,90.90,3.142,0.216","0,0,0.00,0.000,0.000","-6,-11,1413.31,2.356,0.076","-16,-24,2231.97,2.034,0.090","-30,-37,2827.28,2.356,0.102","-41,-47,2221.40,2.034,0.111","-57,-56,2236.07,2.678,0.122","-72,-66,829.95,2.356,0.135","-84,-73,1414.21,2.356,0.147","-95,-84,1414.21,2.356,0.175","-104,-90,90.90,3.142,0.216"
"99,-177,40.81,0.000,0.475","0,0,0.00,0.000,0.000","4,-15,997.69,0.000,0.078","15,-42,1000.00,1.571,0.100","28,-65,1406.60,0.785,0.115","42,-95,2828.43,0.785,0.129","56,-125,1000.00,1.571,0.145","65,-144,250.06,1.571,0.174","70,-159,1412.97,0.785,0.262","83,-168,353.47,0.785,0.356","99,-177,40.81,0.000,0.475"
"163,-166,199.97,1.571,0.440","0,0,0.00,0.000,0.000","18,-22,1409.61,0.785,0.074","44,-49,1413.98,0.785,0.092","74,-76,1999.19,0.000,0.110","101,-97,499.92,0.000,0.130","117,-109,333.04,1.571,0.163","135,-121,249.74,1.571,0.204","147,-132,176.85,0.785,0.257","153,-152,998.41,1.571,0.323","163,-166,199.97,1.571,0.440"
"91,-141,995.33,1.571,0.309","0,0,0.00,0.000,0.000","6,-16,1000.00,1.571,0.084","15,-33,1408.27,0.785,0.098","28,-56,2226.67,1.107,0.113","39,-76,2825.26,0.785,0.126","51,-95,1414.21,0.785,0.143","63,-108,333.78,0.000,0.169","75,-117,2236.07,1.107,0.215","83,-129,705.56,0.785,0.268","91,-141,995.33,1.571,0.309"
"102,172,62.49,-1.571,0.449","0,0,0.00,0.000,0.000","9,13,999.36,-1.571,0.097","31,35,1121.32,-1.107,0.122","55,62,2233.57,-0.464,0.144","71,84,1000.00,-1.571,0.163","82,101,1000.00,0.000,0.192","90,117,250.26,-1.571,0.235","96,136,250.26,-1.571,0.306","99,155,249.96,-1.571,0.355","102,172,62.49,-1.571,0.449"
"-13,-149,70.71,-0.785,0.509","0,0,0.00,0.000,0.000","-3,-14,1000.00,3.142,0.074","-8,-32,1115.19,2.034,0.090","-17,-57,3000.00,1.571,0.103","-25,-86,2000.00,1.571,0.117","-32,-113,1000.00,1.571,0.131","-34,-129,498.43,1.571,0.153","-34,-144,31.25,1.571,0.235","-24,-156,1000.00,1.571,0.313","-13,-149,70.71,-0.785,0.509"
"-24,207,28.57,-1.571,0.542","0,0,0.00,0.000,0.000","0,25,1002.58,-1.571,0.108","-3,54,1989.24,-1.571,0.126","-3,86,1333.43,-1.571,0.146","-3,112,333.25,-1.571,0.176","-5,133,249.94,-1.571,0.216","-9,154,665.71,-1.571,0.276","-11,174,471.36,-2.356,0.321","-17,192,323.14,-2.034,0.407","-24,207,28.57,-1.571,0.542"
"-51,163,20.00,-1.571,0.390","0,0,0.00,0.000,0.000","-10,14,332.91,3.142,0.090","-19,34,999.36,-1.571,0.104","-29,59,2236.07,-2.034,0.118","-35,86,1000.00,-1.571,0.134","-37,101,999.60,-1.571,0.148","-42,117,250.03,-1.571,0.187","-44,133,333.36,-1.571,0.237","-47,150,1000.55,-1.571,0.271","-51,163,20.00,-1.571,0.390"
"-45,-168,90.91,1.571,0.338","0,0,0.00,0.000,0.000","-1,-15,500.04,1.571,0.104","-5,-37,2000.00,1.571,0.125","-13,-61,1414.21,2.356,0.142","-20,-82,998.64,1.571,0.157","-25,-98,1000.00,1.571,0.175","-29,-118,333.28,3.142,0.201","-34,-134,1408.94,2.356,0.223","-42,-151,2000.00,1.571,0.268","-45,-168,90.91,1.571,0.338"
"-101,-172,249.90,1.571,0.558","0,0,0.00,0.000,0.000","-18,-19,1413.64,2.356,0.127","-32,-45,1000.00,1.571,0.153","-45,-70,499.86,1.571,0.188","-56,-88,353.81,2.356,0.223","-67,-107,2236.07,2.034,0.253","-75,-123,200.12,1.571,0.292","-81,-144,199.97,1.571,0.400","-90,-156,1000.00,3.142,0.451","-101,-172,249.90,1.571,0.558"
"151,-135,90.91,0.000,0.497","0,0,0.00,0.000,0.000","16,-8,999.60,0.000,0.090","31,-19,2000.00,1.571,0.218","42,-42,1000.00,1.571,0.246","57,-61,1413.31,0.785,0.263","84,-82,2235.70,0.464,0.283","109,-98,706.82,0.785,0.304","124,-111,666.71,1.571,0.339","133,-129,471.48,0.785,0.399","151,-135,90.91,0.000,0.497"
"183,45,708.42,-0.785,0.473","0,0,0.00,0.000,0.000","20,1,499.56,0.000,0.136","40,3,1000.00,0.000,0.154","63,9,3000.00,0.000,0.171","95,18,1580.88,-0.322,0.189","120,24,1000.07,0.000,0.207","134,29,111.16,0.000,0.255","149,32,250.14,0.000,0.308","168,38,500.10,0.000,0.392","183,45,708.42,-0.785,0.473"
"-137,-194,58.82,-1.571,0.583","0,0,0.00,0.000,0.000","-23,-21,1413.98,2.356,0.125","-39,-54,1413.98,2.356,0.145","-63,-98,3605.55,2.159,0.166","-87,-139,2236.07,2.034,0.192","-100,-171,1411.62,2.356,0.224","-108,-195,400.07,1.571,0.283","-118,-215,1000.00,1.571,0.328","-132,-218,1000.00,-1.571,0.446","-137,-194,58.82,-1.571,0.583"
"32,-32,117.87,0.785,0.225","0,0,0.00,0.000,0.000","5,0,707.41,0.785,0.084","10,-2,499.50,0.000,0.089","18,-4,500.04,0.000,0.103","20,-8,1413.98,0.785,0.110","22,-12,500.22,1.571,0.121","24,-16,333.46,0.000,0.131","27,-22,200.01,1.571,0.156","29,-26,235.71,0.785,0.184","32,-32,117.87,0.785,0.225"
"-102,-141,176.77,2.356,0.387","0,0,0.00,0.000,0.000","-9,-18,1117.58,2.034,0.095","-22,-35,1000.00,1.571,0.111","-40,-58,1413.98,2.356,0.129","-51,-75,1000.00,1.571,0.143","-61,-92,2236.07,2.034,0.164","-70,-107,1413.98,2.356,0.190","-81,-119,666.71,1.571,0.225","-89,-129,200.00,1.571,0.307","-102,-141,176.77,2.356,0.387"
"-187,25,20.83,3.142,0.557","0,0,0.00,0.000,0.000","-25,-3,999.83,3.142,0.110","-59,-6,2235.16,2.678,0.128","-93,-8,1997.76,3.142,0.145","-129,-9,3000.00,3.142,0.164","-168,-9,3000.00,3.142,0.182","-199,-9,999.83,3.142,0.202","-212,-1,100.00,-1.571,0.377","-198,14,2000.00,0.000,0.460","-187,25,20.83,3.142,0.557"
"119,59,707.16,-0.785,0.453","0,0,0.00,0.000,0.000","14,4,2000.00,0.000,0.088","26,9,1998.24,0.000,0.103","40,16,942.88,-0.785,0.117","62,25,1413.98,-0.785,0.137","75,31,471.51,-0.785,0.158","88,37,1000.00,-1.571,0.182","101,44,1000.07,0.000,0.206","113,50,212.74,-0.464,0.256","119,59,707.16,-0.785,0.453"
"-157,-137,250.02,1.571,0.969","0,0,0.00,0.000,0.000","-17,-14,2000.00,3.142,0.110","-45,-31,995.33,3.142,0.132","-68,-46,707.24,2.356,0.152","-92,-63,997.93,3.142,0.178","-115,-77,285.58,3.142,0.240","-128,-90,333.25,3.142,0.298","-138,-105,249.74,1.571,0.404","-153,-120,71.40,3.142,0.495","-157,-137,250.02,1.571,0.969"
"-123,120,105.25,-1.571,0.464","0,0,0.00,0.000,0.000","-18,6,1990.18,3.142,0.092","-39,18,1414.21,-2.356,0.109","-63,31,1999.67,3.142,0.128","-78,46,1000.00,3.142,0.147","-97,61,1000.00,3.142,0.181","-112,68,666.45,3.142,0.218","-121,84,180.37,-1.571,0.280","-123,102,999.83,-1.571,0.332","-123,120,105.25,-1.571,0.464"
"-69,69,21.74,3.142,0.377","0,0,0.00,0.000,0.000","-10,7,353.62,-2.356,0.081","-19,15,745.35,-2.678,0.099","-28,25,999.83,3.142,0.112","-39,31,1999.67,3.142,0.125","-48,39,500.10,-1.571,0.141","-54,45,1414.21,-2.356,0.158","-57,55,709.02,-2.356,0.195","-60,64,105.24,-1.571,0.266","-69,69,21.74,3.142,0.377"
"179,131,500.75,-1.571,0.660","0,0,0.00,0.000,0.000","18,19,1413.98,-0.785,0.107","39,44,1116.25,-1.107,0.136","52,66,333.23,-1.571,0.165","63,84,558.96,-0.464,0.223","90,97,667.35,0.000,0.256","112,103,333.17,0.000,0.382","132,110,157.15,-0.785,0.532","155,120,279.46,-0.464,0.612","179,131,500.75,-1.571,0.660"
"-132,23,22.14,-2.678,0.594","0,0,0.00,0.000,0.000","-22,4,1000.00,3.142,0.172","-61,3,2000.00,3.142,0.194","-108,1,2000.00,3.142,0.213","-151,0,2000.00,3.142,0.233","-191,0,998.41,3.142,0.252","-207,9,1414.21,-0.785,0.303","-186,14,666.71,0.000,0.387","-156,19,999.71,0.000,0.423","-132,23,22.14,-2.678,0.594"
"-133,140,101.02,-2.356,0.543","0,0,0.00,0.000,0.000","-8,18,1000.00,3.142,0.105","-19,40,1000.07,-1.571,0.127","-37,65,471.33,-2.356,0.146","-55,85,706.91,-2.356,0.167","-71,98,166.67,3.142,0.194","-86,110,372.65,-2.678,0.311","-105,116,157.19,-2.356,0.376","-121,125,1414.21,-2.356,0.453","-133,140,101.02,-2.356,0.543"
"-167,99,249.91,-1.571,0.496","0,0,0.00,0.000,0.000","-21,0,2000.00,3.142,0.110","-53,11,2996.64,3.142,0.130","-85,23,2234.10,-2.678,0.148","-111,31,666.87,3.142,0.170","-131,43,995.80,-1.571,0.204","-137,59,249.91,3.142,0.268","-146,74,996.04,3.142,0.317","-156,86,200.00,-1.571,0.381","-167,99,249.91,-1.571,0.496"
"86,-158,202.01,-2.356,0.512","0,0,0.00,0.000,0.000","18,-15,1997.29,1.571,0.124","37,-37,998.88,1.571,0.143","66,-72,2828.43,0.785,0.160","94,-106,3604.09,0.983,0.176","115,-135,3162.28,1.249,0.192","133,-152,353.64,0.785,0.215","123,-160,500.51,3.142,0.343","105,-164,249.99,3.142,0.401","86,-158,202.01,-2.356,0.512"
"-18,-88,86.94,-1.571,0.538","0,0,0.00,0.000,0.000","-2,-10,470.91,2.356,0.093","-4,-21,1115.85,2.034,0.107","-7,-33,1000.00,1.571,0.125","-12,-46,1116.12,2.034,0.139","-13,-55,1000.00,1.571,0.152","-14,-66,285.51,1.571,0.180","-18,-73,83.33,1.571,0.317","-15,-82,200.03,1.571,0.366","-18,-88,86.94,-1.571,0.538"
"-134,-148,199.86,3.142,0.511","0,0,0.00,0.000,0.000","-15,-19,1407.27,2.356,0.113","-30,-47,2234.10,2.034,0.132","-46,-72,995.33,1.571,0.147","-62,-99,2223.51,2.034,0.165","-72,-118,1414.21,2.356,0.184","-80,-136,283.03,2.356,0.219","-96,-144,223.60,2.678,0.380","-115,-147,501.11,3.142,0.430","-134,-148,199.86,3.142,0.511"
"178,-31,249.90,3.142,0.454","0,0,0.00,0.000,0.000","16,-4,332.93,0.000,0.132","40,-10,2828.43,0.785,0.148","75,-15,3162.28,0.322,0.162","118,-18,4122.42,0.245,0.175","167,-29,2000.00,0.000,0.189","198,-29,1999.67,0.000,0.204","213,-30,34.48,3.142,0.325","195,-30,199.97,3.142,0.415","178,-31,249.90,3.142,0.454"
"-19,-147,166.66,1.571,0.459","0,0,0.00,0.000,0.000","-2,-13,2235.70,2.034,0.106","-12,-30,1414.21,2.356,0.125","-22,-49,1414.21,2.356,0.141","-33,-70,1414.21,2.356,0.155","-41,-89,1414.21,2.356,0.173","-41,-107,499.98,1.571,0.226","-36,-121,499.92,1.571,0.279","-30,-137,2236.07,1.107,0.318","-19,-147,166.66,1.571,0.459"
"87,-143,27.03,3.142,0.421","0,0,0.00,0.000,0.000","6,-14,745.29,0.464,0.083","20,-23,999.83,0.000,0.106","33,-41,2235.70,1.107,0.123","51,-63,2827.96,0.785,0.135","70,-86,2828.43,0.785,0.149","82,-101,499.74,1.571,0.167","85,-117,499.20,1.571,0.241","88,-131,282.81,0.785,0.292","87,-143,27.03,3.142,0.421"
"-82,-100,1414.21,2.356,0.293","0,0,0.00,0.000,0.000","-3,-10,1414.21,2.356,0.082","-12,-20,3604.95,2.554,0.094","-24,-30,1116.12,2.678,0.105","-35,-41,2235.70,2.678,0.113","-48,-55,1414.21,2.356,0.123","-59,-70,2000.00,1.571,0.132","-70,-83,2000.00,1.571,0.141","-77,-93,499.20,1.571,0.153","-82,-100,1414.21,2.356,0.293"
"183,215,282.84,-0.785,0.544","0,0,0.00,0.000,0.000","22,22,1414.21,-0.785,0.135","41,49,1414.21,-0.785,0.157","88,83,1414.21,-0.785,0.178","114,106,1000.00,0.000,0.206","129,130,176.71,-0.785,0.268","147,149,2828.43,-0.785,0.307","164,168,1000.00,-1.571,0.395","171,189,166.68,0.000,0.502","183,215,282.84,-0.785,0.544"
"147,-161,124.25,-1.107,0.661","0,0,0.00,0.000,0.000","13,-14,500.10,1.571,0.175","29,-36,1414.21,0.785,0.210","49,-51,1413.98,0.785,0.232","69,-71,999.60,0.000,0.267","83,-91,1000.00,1.571,0.328","102,-112,1115.99,0.464,0.358","117,-134,1414.21,0.785,0.398","128,-152,471.85,0.785,0.477","147,-161,124.25,-1.107,0.661"
"102,132,101.35,-0.785,0.417","0,0,0.00,0.000,0.000","10,12,501.53,0.000,0.098","20,28,999.83,-1.571,0.122","30,48,1414.21,-0.785,0.143","42,70,282.84,-0.785,0.170","51,86,999.36,-1.571,0.189","64,104,705.98,-0.785,0.213","75,117,1986.88,0.000,0.239","86,127,282.88,-0.785,0.271","102,132,101.35,-0.785,0.417"
"206,-27,171.97,2.678,0.374","0,0,0.00,0.000,0.000","14,-1,997.69,0.000,0.107","33,-1,2000.00,0.000,0.122","57,-4,1990.18,0.000,0.134","88,-5,3000.00,0.000,0.146","123,-10,3162.28,0.322,0.158","158,-13,2236.07,0.464,0.170","183,-16,2999.50,0.000,0.182","206,-20,500.27,0.000,0.201","206,-27,171.97,2.678,0.374"
"154,-109,90.91,1.571,0.476","0,0,0.00,0.000,0.000","16,-7,1414.21,0.785,0.083","39,-18,1990.65,0.000,0.099","70,-37,1406.60,0.785,0.116","106,-56,3605.55,0.588,0.134","128,-69,2000.00,0.000,0.153","146,-82,705.39,0.785,0.180","164,-89,499.50,0.000,0.222","170,-101,17.24,1.571,0.377","154,-109,90.91,1.571,0.476"
"203,63,200.00,3.142,0.509","0,0,0.00,0.000,0.000","23,2,998.64,0.000,0.081","53,11,2999.50,0.000,0.099","94,24,3157.99,-0.322,0.116","143,39,3161.75,-0.322,0.132","195,50,3996.48,0.000,0.149","229,58,2000.00,0.000,0.167","237,66,83.36,3.142,0.269","221,69,500.33,3.142,0.399","203,63,200.00,3.142,0.509"
"-175,82,62.48,3.142,0.945","0,0,0.00,0.000,0.000","-21,5,999.83,3.142,0.139","-51,15,1000.00,-1.571,0.167","-77,24,2236.07,-2.678,0.195","-93,32,250.12,3.142,0.243","-110,39,333.41,3.142,0.353","-130,45,249.68,3.142,0.445","-144,61,500.04,-1.571,0.594","-158,72,470.65,-2.356,0.841","-175,82,62.48,3.142,0.945"
"162,22,22.73,3.142,0.518","0,0,0.00,0.000,0.000","16,0,1995.39,0.000,0.089","49,0,4000.00,0.000,0.102","105,3,2000.14,0.000,0.116","160,5,3000.00,0.000,0.128","193,7,1000.07,0.000,0.141","205,14,57.14,-1.571,0.238","195,22,199.97,3.142,0.366","178,22,666.77,3.142,0.404","162,22,22.73,3.142,0.518"
